condition_type,label,label_name,n_total,n_resolved,n_preserved,n_not_preserved,n_unresolved,lpr_all_pct,lpr_all_ci_lower_pct,lpr_all_ci_upper_pct,lpr_resolved_pct,lpr_resolved_ci_lower_pct,lpr_resolved_ci_upper_pct
bt,0,Entailment,60,48,30,18,12,50.0,37.73502424155577,62.26497575844423,62.5,48.36276351921527,74.7847332391318
bt,1,Neutral,60,59,44,15,1,73.33333333333333,60.99128690331636,82.86735999671944,74.57627118644068,62.20385597107273,83.9440224267631
bt,2,Contradiction,60,58,37,21,2,61.66666666666667,49.01759582409993,72.91172762591798,63.793103448275865,50.9275237048117,74.9450871700241
llm,0,Entailment,200,195,185,10,5,92.5,87.99563897637054,95.40250828156181,94.87179487179486,90.81888924041478,97.19092573373845
llm,1,Neutral,200,194,181,13,6,90.5,85.63983883518006,93.83368972826135,93.29896907216495,88.87407551394989,96.04240306512298
llm,2,Contradiction,200,195,186,9,5,93.0,88.59451911438936,95.78478281716572,95.38461538461539,91.46253066412194,97.55311076687877
