condition_type,condition_key,n_total,n_resolved,n_preserved,n_not_preserved,n_unresolved,lpr_all_pct,lpr_all_ci_lower_pct,lpr_all_ci_upper_pct,lpr_resolved_pct,lpr_resolved_ci_lower_pct,lpr_resolved_ci_upper_pct
bt,claude_sonnet,45,38,22,16,7,48.888888888888886,34.9570237528785,62.99553535541681,57.89473684210527,42.192345343670546,72.14749884224129
bt,gemini,45,41,16,25,4,35.55555555555556,23.219082604215878,50.16418580362313,39.02439024390244,25.65614506012352,54.273143065876205
bt,gpt,45,42,31,11,3,68.88888888888889,54.33519442263318,80.47130073634659,73.80952380952381,58.93126929422804,84.69735971216701
bt,hyperclova_x,45,44,42,2,1,93.33333333333333,82.14339803640812,97.70679674007489,95.45454545454545,84.86500156237035,98.7444890050405
llm,claude_sonnet,150,148,142,6,2,94.66666666666667,89.82961216180453,97.27304600798061,95.94594594594594,91.43814308173778,98.12896267203338
llm,gemini,150,143,129,14,7,86.0,79.54479122405029,90.6573511814482,90.20979020979021,84.23742760573923,94.07832934981155
llm,gpt,150,147,144,3,3,96.0,91.5486535783444,98.15408393979256,97.95918367346938,94.17207872552534,99.30354866654815
llm,hyperclova_x,150,146,137,9,4,91.33333333333333,85.7371776263781,94.86528217252759,93.83561643835617,88.70029330140554,96.72332777610251
