condition_type,category,count,percent_pct
bt,N,172,95.55555555555556
bt,Y,8,4.444444444444445
llm,N,599,99.83333333333333
llm,Y,1,0.16666666666666669
