generator,claude_sonnet,gemini,gpt,hyperclova_x
claude_sonnet,4.543257612373127,2.4262607040913418,4.992585269401879,7.752808988764046
gemini,4.784920251329145,2.8544243577545196,5.7834898665348495,10.674157303370785
gpt,3.4799420009666506,1.8078020932445291,4.102817597627286,6.629213483146068
hyperclova_x,9.424842919284679,6.517602283539486,10.034602076124568,13.202247191011235
