condition_type,category,count,percent_pct
bt,high,50,27.77777777777778
bt,low,2,1.1111111111111112
bt,medium,128,71.11111111111111
llm,TIE,4,0.6666666666666667
llm,high,24,4.0
llm,low,7,1.1666666666666667
llm,medium,565,94.16666666666667
