condition_type,field,n,all_three_same,all_three_same_pct,pairwise_agreement_mean_pct,pairwise_agreement_min_pct,pairwise_agreement_max_pct,fleiss_kappa,mean_item_agreement,majority_tie_or_u
bt,paraphrased_pair_label,180,131,72.77777777777777,79.44444444444444,76.11111111111111,84.44444444444444,0.7041665432793389,0.7944444444444444,15
bt,semantic_drift_type,180,148,82.22222222222221,87.4074074074074,82.22222222222221,96.66666666666667,0.807937736678034,0.874074074074074,4
bt,fluency_defect,180,173,96.11111111111111,97.40740740740742,96.11111111111111,98.88888888888889,0.7604410925914183,0.974074074074074,0
bt,annotator_confidence,180,56,31.11111111111111,54.074074074074076,39.44444444444444,71.66666666666667,0.05150433452320257,0.5407407407407407,0
llm,paraphrased_pair_label,600,506,84.33333333333334,89.05555555555554,88.0,91.16666666666666,0.8424810697427723,0.8905555555555554,16
llm,semantic_drift_type,600,506,84.33333333333334,89.05555555555554,88.0,91.16666666666666,0.41872473518043113,0.8905555555555554,9
llm,fluency_defect,600,600,100.0,100.0,100.0,100.0,1.0,1.0,0
llm,annotator_confidence,600,438,73.0,81.77777777777777,75.16666666666667,94.33333333333334,0.12449024987024535,0.8177777777777777,4
