lexical_substitution_bin,n_original_correct,n_attack_success,asr_pct,asr_ci_lower_pct,asr_ci_upper_pct,mean_lexical_substitution_rate
0-0.25,293,6,2.04778156996587,0.9418145720618751,4.39485870923442,0.15507903170019213
0.25-0.50,2636,91,3.452200303490137,2.8202183007275243,4.219653665815335,0.43536031555208776
0.50-0.75,8626,418,4.845814977973569,4.412421291586778,5.319408230753743,0.667220013776712
0.75-1.00,20341,1416,6.96130967012438,6.6196396385280885,7.319232603659814,0.8973173943556568
