category,name,rows,n_original_correct,n_attack_success,original_accuracy,attacked_accuracy,asr,asr_pct,wilson_ci_lower_pct,wilson_ci_upper_pct,bootstrap_asr_pct,bootstrap_ci_lower_pct,bootstrap_ci_upper_pct
Label,Entailment,12160,11580,570,0.9523026315789473,0.9194078947368421,0.04922279792746114,4.922279792746114,4.542992133624731,5.331464996049627,4.922279792746114,4.542314335060449,5.3454231433506045
Label,Neutral,11872,9548,867,0.8042452830188679,0.7682783018867925,0.09080435693338919,9.080435693338918,8.520439694997448,9.673344888977988,9.080435693338918,8.4939254294093,9.677681189777962
Label,Contradiction,11312,10768,494,0.9519094766619519,0.9204384724186704,0.04587667161961367,4.587667161961367,4.208435542575815,4.999288713414871,4.587667161961367,4.179049034175334,4.968657132243683
