target,rows,original_accuracy,original_accuracy_pct
claude_sonnet,8836,0.93662290629244,93.66229062924401
gemini,8836,0.9515617926663649,95.15617926663649
gpt,8836,0.9157990040742418,91.57990040742418
hyperclova_x,8836,0.8057944771389769,80.5794477138977
